"id","query_family","representative_variants","apparent_recurrence","primary_intent","emotional_state","journey_stage","query_class","current_dominant_result_types","common_answer_weaknesses","unique_value","target_route","page_type","own_page","consolidate_with","safety_level","recommended_internal_next_step","experiment","primary_sources","serp_sample_notes","update_trigger","date_researched"
"Q01","why do I wake up sweating when my room is cold","wake up sweaty but room is cold; sweating in sleep in a cool bedroom","High apparent recurrence","Explain an apparent contradiction and find a safe next action","Confused; uncomfortable; sometimes worried","Problem recognition / first explanation","Mixed medical-environmental","Government/clinic symptom explainers; general sleep articles; forums; occasional bedding content","Cause lists dominate; room and bed microclimate are rarely separated; many pages move from a cool-room definition straight to alarming causes or shopping","A direct answer that separates room, bed layers, timing, and damp recovery; one reversible test; a calm care boundary","/why/waking-sweaty-in-a-cold-room/","Question-led guide","Yes","Q04; Q05","High — health-adjacent and care-seeking language required","/tool/ then /why/night-sweats-or-overheating/ and /guides/when-to-seek-medical-advice/","Prepare one dry equivalent item; if waking damp change only it and record time back to comfort","NHS-NIGHT-SWEATS-2026; MENOPAUSE-SOCIETY-HOT-FLASHES-2026; PMC-SLEEP-THERMAL-ENVIRONMENT-2012","Exact-intent results were mixed: NHS/clinic explainers and forums appeared more often than a focused decision tool","Re-sample quarterly; immediately if NHS/TMS wording changes or page intent begins to skew diagnostic","2026-09-07"
"Q02","why do I wake up hot and then cold","hot then freezing at night; sweat then chills after waking","High apparent recurrence","Understand the sequence and reduce the difficult recovery period","Distressed; sleep-deprived; seeking reassurance","Problem recognition","Mixed medical-environmental","General health explainers; academic/clinic pages; forums; broad thermoregulation articles","Results blur fever, sweating, circadian temperature, and hot-flash explanations; few separate onset from damp recovery; some low-authority pages overstate causes","A sequence model: sudden heat → possible moisture → cold recovery, without claiming cause; capture what happened and test one dry layer","/why/waking-hot-then-cold/","Question-led guide","Yes","Q01","High — avoid diagnosis and improvised red-flag logic","/patterns/moisture-and-recovery/ then /tool/","Replace one damp item with a dry equivalent after waking; hold room and other layers constant","ACOG-MENOPAUSE-YEARS-2026; MENOPAUSE-SOCIETY-HOT-FLASHES-2026; NHS-NIGHT-SWEATS-2026","The sample contained noisy off-intent pages and forum narratives, signaling an unusually weak direct-answer set","Re-sample quarterly and after any safety-copy source update","2026-09-07"
"Q03","hot at night while partner is cold","I sleep hot but my partner sleeps cold; one person hot one cold in bed","Moderate apparent recurrence","Solve a shared-bed mismatch without worsening the other sleeper's comfort","Frustrated; guilty; conflict-avoidant","Solution exploration","Mixed environmental-commercial","Couples advice; bedding brands; product-system pages; forums","Generic thermostat compromise and gender generalizations are common; product suggestions arrive before establishing whether one side needs active cooling","Treat the partner as an observation; start with separate insulation and only then compare one-sided mechanisms","/why/hot-while-partner-is-cold/","Question-led guide","Yes","Q15; Q16; Q23","Medium — health context possible but page is environmental","/patterns/partner-temperature-mismatch/ then /guides/how-to-cool-one-side-of-a-bed/","Use separate existing covers while keeping room conditions stable; record comfort and disturbance for both sleepers","PMC-SLEEP-THERMAL-ENVIRONMENT-2012; OCT-METHOD-2026","Results were largely lifestyle/brand/forum pages; little neutral experimentation or explicit uncertainty","Re-sample every 6 months or when partner/zone content changes","2026-09-07"
"Q04","bedroom is cold but I wake up hot","room is cool but I wake hot; hot sleeper in cold room","High apparent recurrence","Explain why ambient temperature did not solve the awakening","Confused; skeptical after trying obvious advice","Problem recognition / failed-fix diagnosis","Mixed medical-environmental","Night-sweat explainers; mattress roundups; sleep articles; forums","Many answers repeat a target room temperature or jump to a mattress/cause list; few ask when and where heat builds","Route the synonym to Q01's canonical page and distinguish whole-room conditions from the bed microclimate and sudden timing","/why/waking-sweaty-in-a-cold-room/","Consolidated query variant","No","Q01; Q05; Q08","High — same medical boundary as Q01","/room-bed-body-partner/ then /tool/","Observe whether heat is under/inside the bed or arrives suddenly; change only one recovery or bed-layer variable","NHS-NIGHT-SWEATS-2026; PMC-SLEEP-THERMAL-ENVIRONMENT-2012","Close variants repeatedly surfaced, but the result set did not reliably answer the exact contradiction","Re-sample quarterly; split only if Search Console shows materially different intent and substantial unique value","2026-09-07"
"Q05","night sweats with AC on","sweating at night even with air conditioning; AC cold but wake drenched","Moderate apparent recurrence","Find out why whole-room cooling failed and whether to seek care","Exhausted; concerned; validation-seeking","Failed fix / care consideration","Mixed medical-environmental","NHS/clinic explainers; mattress content; forums; retail/editorial roundups","Answers often equate AC with a solved environment, ignore bedding/moisture, or recommend more products; forum replies sometimes give unsafe medication advice","Acknowledge the failed room intervention, test bed/recovery variables, and keep clinician advice visible for regular soaking episodes","/why/waking-sweaty-in-a-cold-room/","Consolidated query variant","No","Q01; Q12","High","/failed-fixes/whole-room-cooling-failed/ then /guides/when-to-seek-medical-advice/","Keep AC unchanged and isolate one dry recovery item or removable bed layer","NHS-NIGHT-SWEATS-2026; ACOG-MENOPAUSE-YEARS-2026; PMC-SLEEP-THERMAL-ENVIRONMENT-2012","The sample included NHS plus strong forum and commercial-mattress presence; no neutral AC-on decision flow dominated","Re-sample quarterly and after seasonal peaks; review care wording when authoritative sources update","2026-09-07"
"Q06","night sweats or overheated bedroom","am I having night sweats or is my room too hot; environmental sweating vs night sweats","High apparent recurrence","Distinguish environmental observations from a health label","Worried; wants a clear threshold","Problem framing / care consideration","Mixed medical-environmental","NHS/medical definitions; broad cause lists; sleep articles","Binary “normal overheating vs true night sweats” framing can imply diagnostic certainty; many pages provide long cause inventories instead of a useful observation plan","A non-diagnostic matrix using room, partner, timing, dampness, and response to cooling; explicit mixed/uncertain outcome","/why/night-sweats-or-overheating/","Question-led guide","Yes","Q01; Q25","High","/tool/ and /guides/what-to-record-for-a-clinician/","Run a baseline observation night or make the single change selected by the tool; do not infer cause","NHS-NIGHT-SWEATS-2026; MENOPAUSE-SOCIETY-NIGHT-SWEATS-2026; OCT-METHOD-2026","Authoritative definitions rank alongside generic cause pages; no result can safely diagnose from environment alone","Re-review quarterly and whenever care guidance changes","2026-09-07"
"Q07","bed gets hotter the longer I lie in it","bed feels fine then gets hot; heat builds under me over time","Moderate apparent recurrence","Explain delayed bed warmth and choose the first layer to test","Irritated; product-fatigued","Mechanism discovery","Environmental-commercial","Cooling mattress roundups; bedding guides; forums; occasional mechanism explainers","Commercial pages collapse mattress, sheet, protector, and active systems into one “cooling” category; first-touch and sustained behavior are confused","A bed-layer stack, timing observation, and cheapest-removable-layer-first experiment","/why/bed-hot-room-cool/","Question-led guide","Yes","Q08; Q10; Q13","Medium","/patterns/bed-heat-build-up/ then /compare/first-touch-vs-all-night-cooling/","Remove the lightest nonessential layer for one night; keep room, sleepwear, and other layers stable","PMC-SLEEP-THERMAL-ENVIRONMENT-2012; SCI-REPORTS-PASSIVE-LOW-ENERGY-2024","Current results skew commercial and anecdotal, with surprisingly little neutral layer-isolation guidance","Re-sample before adding material claims or after major content/category shifts","2026-09-07"
"Q08","mattress hot but bedroom cool","mattress trapping heat in cool room; hot bed cool air","Moderate apparent recurrence","Decide whether the mattress or layers above it are responsible","Suspicious of an expensive past purchase; reluctant to replace again","Mechanism discovery / pre-purchase","Environmental-commercial","Best-cooling-mattress lists; retailer/brand guides; forums","Search encourages mattress replacement before protector/topper/sheet isolation; testing methods and conflicts are often undisclosed","Protect the user from premature replacement by testing removable layers and location/timing first","/why/bed-hot-room-cool/","Consolidated query variant","No","Q07; Q13","Medium","/patterns/bed-heat-build-up/ then /failed-fixes/mattress-protector-trapping-heat/","Remove one safely removable layer above the mattress and compare the same time window","PMC-SLEEP-THERMAL-ENVIRONMENT-2012; OCT-METHOD-2026","Product roundups dominated; independent mechanism evidence was sparse in the exact-query sample","Re-sample every 6 months and when material/mechanism claims are revised","2026-09-07"
"Q09","cooling sheets not working","cooling sheets failed; still hot with cooling sheets","High apparent recurrence","Troubleshoot a failed purchase and avoid repeating it","Disappointed; distrustful of marketing","Failed fix / next-solution evaluation","Commercial-environmental","Best-sheet roundups; brand education; health-system explainer; forums","Many pages answer by recommending another sheet; “breathable,” “moisture-wicking,” and “cool-to-touch” are conflated; affiliate incentives are common","Explain what the sheet could change, identify whether the unresolved problem is first-touch, bed build-up, dampness, or sudden heat, and recommend no purchase first","/failed-fixes/cooling-sheets-not-working/","Failed-fix guide","Yes","Q10","Medium","/compare/first-touch-vs-all-night-cooling/ then /tool/","Return to the prior sheet for one controlled night or record the time the cool sensation ends while holding other variables constant","PMC-SLEEP-THERMAL-ENVIRONMENT-2012; SERP-INTEGRIS-SHEETS-2025; OCT-METHOD-2026","A health-system answer acknowledged temporary sensation, but commercial rankings and new-product recommendations dominated","Re-sample quarterly during bedding-season updates; verify any material claim independently","2026-09-07"
"Q10","cooling sheets only cool at first","cool-to-touch sheets warm up; cooling sheets not cool all night","Moderate apparent recurrence","Understand first-contact sensation versus sustained heat movement","Skeptical; wants mechanism clarity","Mechanism education / failed fix","Environmental-commercial","Brand explainers; health-system content; product roundups; forums","Publishers often make unsupported precise-duration or physics claims; few tie the distinction to the user's time-of-night pattern","A neutral comparison of first-touch sensation and continuous heat removal with no claim that either treats night sweats","/compare/first-touch-vs-all-night-cooling/","Mechanism comparison","Yes","Q09; Q21","Medium","/failed-fixes/cooling-sheets-not-working/ then /compare/passive-vs-active-bed-cooling/","Record when the surface stops feeling cool without changing the setup","PMC-SLEEP-THERMAL-ENVIRONMENT-2012; SERP-INTEGRIS-SHEETS-2025","The first-touch distinction appeared repeatedly, but mostly on commercial/brand pages with uneven sourcing","Re-sample every 6 months; update if terminology standards or better textile evidence emerges","2026-09-07"
"Q11","fan not helping night sweats","fan on but still sweating; bedside fan not cooling me","Moderate apparent recurrence","Diagnose why airflow failed and choose a different low-burden test","Frustrated; tired; worried after a common remedy fails","Failed fix","Mixed medical-environmental","Medical tips pages; broad night-sweat explainers; fan/product content; forums","Most answers simply repeat “use a fan”; they rarely ask whether air reaches under covers, whether the room air is warm/humid, whether noise disturbs sleep, or whether the episode is sudden","Treat failed airflow as evidence, not failure; distinguish room air, under-cover reach, moisture, sound, and timing","/failed-fixes/fan-not-helping/","Failed-fix guide","Yes","Q18; Q23","High — severe/frequent sweating needs care language","/tool/ then /compare/bed-fan-vs-water-pad/ only if a local active mechanism remains justified","Redirect an existing fan at the lowest useful setting to one side or stop changing airflow and test a dry recovery layer, based on observations","NHS-NIGHT-SWEATS-2026; ACOG-HOT-FLASHES-2026; PMC-SLEEP-THERMAL-ENVIRONMENT-2012","Authoritative tips say a fan may help, but exact failed-fan decision support was scarce","Re-sample quarterly and if fan-safety or health guidance changes","2026-09-07"
"Q12","lowering thermostat not helping night sweats","cold room still sweating; thermostat lower but wake hot","Moderate apparent recurrence","Understand failed whole-room cooling without escalating the thermostat","Exhausted; household tension; confused","Failed fix","Mixed medical-environmental","Medical explainers; sleep-temperature articles; mattress/product content; forums","Generic “keep the room cool” advice ignores a cold partner, bed microclimate, damp recovery, and sudden timing; exact guidance is weak","Use failed room cooling as a modifier; protect partner comfort and test the smaller affected zone","/why/thermostat-not-helping/","Question-led failed-fix guide","Yes","Q05; Q17","High","/failed-fixes/whole-room-cooling-failed/ then /patterns/partner-temperature-mismatch/","Hold the thermostat constant and change one bed-side or dry-recovery variable","NHS-NIGHT-SWEATS-2026; ACOG-HOT-FLASHES-2026; PMC-SLEEP-THERMAL-ENVIRONMENT-2012","The result mix repeats cool-room advice more than it explains non-response","Re-sample quarterly; update when care or thermal-environment evidence changes","2026-09-07"
"Q13","mattress protector making bed hot","waterproof mattress protector sleeping hot; protector traps heat","Moderate apparent recurrence","Test whether one removable layer is contributing","Annoyed; wants a cheap fix before replacing bedding","Component troubleshooting","Environmental-commercial","Mattress brands; retailer/editorial articles; forums; thin generic definitions","Claims about vinyl, polyurethane, breathability, and heat are often made by sellers without comparative evidence; advice may ignore protection needs","A reversible A/B layer test with a safety note to preserve required allergy, continence, pest, warranty, or clinical protection","/failed-fixes/mattress-protector-trapping-heat/","Failed-fix guide","Yes","Q07; Q08","Medium","/patterns/bed-heat-build-up/ then /tool/","If safe and protection is not required, compare one night without the protector or with an already-owned alternative; change nothing else","PMC-SLEEP-THERMAL-ENVIRONMENT-2012; OCT-METHOD-2026","Brand/editorial pages dominated and mechanism assertions were inconsistently sourced","Re-sample every 6 months; review immediately if the page adds material-specific claims","2026-09-07"
"Q14","how to cool one side of a bed","cool only my side of bed; localized bed cooling for couples","Moderate apparent recurrence","Find practical one-sided options from free to powered","Hopeful but overwhelmed; wants to avoid partner conflict","Solution exploration","Environmental-commercial","Brand guides; product comparisons; forums; limited neutral how-to content","Results leap to bed systems; separate covers, airflow geometry, partner disturbance, noise, and rollback are inconsistently covered","A mechanism ladder: separate insulation → directed existing airflow → under-cover air → surface system, gated by observed need","/guides/how-to-cool-one-side-of-a-bed/","How-to guide","Yes","Q03; Q15; Q23","Medium","/patterns/partner-temperature-mismatch/ then /compare/one-zone-vs-dual-zone/","Use separate existing covers or direct an existing fan only to the hot side; record both sleepers' comfort","PMC-SLEEP-THERMAL-ENVIRONMENT-2012; SCI-REPORTS-PASSIVE-LOW-ENERGY-2024","Search had a close recent guide but remained brand/product heavy overall","Re-sample every 6 months and whenever one-sided product categories materially change","2026-09-07"
"Q15","different sleeping temperatures for couples","couples prefer different bedroom temperatures; hot sleeper cold sleeper solutions","High apparent recurrence","Reach a workable shared-bed arrangement","Frustrated; relationship-protective","Solution exploration","Environmental-commercial","Lifestyle advice; relationship/sleep articles; bedding brands; product systems; forums","Gender stereotypes and one-size thermostat targets are common; partners are treated as a compromise problem rather than two zones with separate constraints","A neutral two-person requirements table and lowest-complexity separation plan","/guides/different-sleep-temperatures/","How-to guide","Yes","Q03; Q16","Low-to-medium; avoid relationship or biological overclaims","/why/hot-while-partner-is-cold/ then /guides/how-to-cool-one-side-of-a-bed/","Separate top insulation for one night; record both sleepers' comfort and disturbance","PMC-SLEEP-THERMAL-ENVIRONMENT-2012; OCT-METHOD-2026","Many recent commercial/lifestyle pages and forum threads appeared; evidence display was usually light","Re-sample every 6 months; update if the site's partner flow changes","2026-09-07"
"Q16","wife hot at night husband cold","wife sleeps hot husband cold; woman hot partner cold at night","Moderate apparent recurrence","Explain a gendered household observation and find a fair setup","Self-conscious; frustrated; may suspect menopause","Problem recognition / solution exploration","Mixed medical-environmental-commercial","Couples tips; menopause content; brand pages; forums","Results may stereotype sex differences or assert hormones as the cause; many upsell split systems before a simple test","Answer the household problem without diagnosing either sleeper; route to the inclusive partner-mismatch canonical","/why/hot-while-partner-is-cold/","Consolidated query variant","No","Q03; Q15","High — wording invites unsupported hormone inference","/patterns/partner-temperature-mismatch/ and /guides/when-to-seek-medical-advice/ when new/frequent/worsening","Use separate existing covers and keep the shared room stable","ACOG-MENOPAUSE-YEARS-2026; PMC-SLEEP-THERMAL-ENVIRONMENT-2012; OCT-METHOD-2026","The exact query produced noisy relationship and brand content; an inclusive canonical avoids a doorway page","Re-sample quarterly; split only with clear distinct non-stereotyping value and demand evidence","2026-09-07"
"Q17","cooling the bed versus cooling the bedroom","bed cooling vs air conditioning; local bed cooling vs room cooling","Moderate apparent recurrence","Choose the area/mechanism that matches the problem","Analytical; cost- and partner-aware","Mechanism comparison","Commercial-environmental","Product comparisons; mattress guides; forums; general heatwave advice","Brand pages frame the comparison around their product; energy claims omit context; few ask whether both sleepers and the whole room are hot","A neutral affected-area decision table with room/bed/partner observations and no universal winner","/compare/cooling-bed-vs-bedroom/","Mechanism comparison","Yes","Q12; Q14","Medium","/room-bed-body-partner/ then /tool/","Choose only the room or one bed-side variable based on who/what felt hot; keep other area stable","PMC-SLEEP-THERMAL-ENVIRONMENT-2012; SCI-REPORTS-PASSIVE-LOW-ENERGY-2024","Commercial comparisons and forums dominated; independent user-specific routing was sparse","Re-sample every 6 months and before adding energy/cost claims","2026-09-07"
"Q18","bed fan versus cooling mattress pad","under-cover fan vs water-cooled pad; fan or active cooling pad","Moderate apparent recurrence","Compare two active mechanisms before buying","Purchase-ready but cautious; concerned about noise and maintenance","Commercial evaluation","Commercial-environmental","Manufacturer comparisons; affiliate/editorial comparisons; forums; product roundups","Pages often redefine “cooling pad,” favor the publisher's product, omit room dependence or cleanup, and imply efficacy for night sweats","A definition-first comparison across target area, ambient dependence, moisture, noise, surface feel, maintenance, leaks, partner effect, and return burden","/compare/bed-fan-vs-water-pad/","Mechanism comparison","Yes","Q19; Q22","Medium-high — block treatment claims and label manufacturer evidence","/compare/air-vs-water-bed-cooling/ then /guides/bed-cooling-costs-and-maintenance/","Repeat a free low-setting local-airflow test before comparing powered categories","PMC-SLEEP-THERMAL-ENVIRONMENT-2012; BUILDING-ENV-BED-COOLING-2026; OCT-METHOD-2026","Exact comparison pages exist but are predominantly commercial or manufacturer-authored","Refresh quarterly for specifications/pricing but keep durable copy mechanism-first","2026-09-07"
"Q19","air-based versus water-based bed cooling","air bed cooler vs hydronic pad; airflow versus water cooling mattress","Low apparent recurrence","Understand mechanism tradeoffs after deciding active cooling may fit","Analytical; high-consideration shopper","Commercial evaluation","Commercial-environmental","Manufacturer head-to-heads; niche comparison publishers; forums; sparse independent testing","Water/air claims are often categorical, brands compare against rivals, and noise/maintenance/room dependence definitions vary","A no-ranking mechanism table plus a verification checklist for current specifications and return/maintenance terms","/compare/air-vs-water-bed-cooling/","Mechanism comparison","Yes","Q18","Medium-high","/compare/bed-fan-vs-water-pad/ then /guides/bed-cooling-costs-and-maintenance/","Document the unresolved constraint—trapped air/moisture or persistent contact-surface warmth—without purchasing during the comparison","PMC-SLEEP-THERMAL-ENVIRONMENT-2012; BUILDING-ENV-BED-COOLING-2026; OCT-METHOD-2026","Highly commercial result set; little primary evidence comparing consumer systems directly","Refresh product facts quarterly; refresh evidence when independent head-to-head research appears","2026-09-07"
"Q20","one-zone versus dual-zone cooling","single vs dual zone bed cooling; do couples need two zones","Low apparent recurrence","Avoid paying for unnecessary zones and verify actual side isolation","Budget-conscious; decision-ready","Commercial evaluation","Commercial-environmental","Brand/product pages; product-community forums; unrelated HVAC results","Terminology is inconsistent; dual zone is treated as automatically premium/better; shared noise, tubing, controls, and second-side need are underexplained","A two-sleeper requirement worksheet: one active side, two different active settings, or merely separate insulation","/compare/one-zone-vs-dual-zone/","Mechanism comparison","Yes","Q14; Q15","Low-to-medium","/guides/different-sleep-temperatures/ then /guides/is-active-bed-cooling-worth-it/","Write what each side needs and what must remain unchanged before comparing configurations","PMC-SLEEP-THERMAL-ENVIRONMENT-2012; OCT-METHOD-2026","Exact consumer intent was mixed with HVAC and brand-community content, indicating narrow/ambiguous terminology","Re-sample every 6 months and update whenever category terminology/specifications change","2026-09-07"
"Q21","active versus passive bed cooling","powered bed cooling vs cooling sheets; passive cooling vs active mattress cooler","Low apparent recurrence","Learn category boundaries before climbing the price ladder","Educated but confused by “cooling” labels","Mechanism education","Environmental-commercial","Niche comparisons; research result; product roundups; unrelated engineering results","Consumer results are sparse and terms collide with building/electronics cooling; commercial pages may overstate hard ceilings without context","Define passive as no powered heat/air movement and active as powered movement; compare burden rather than promise a result","/compare/passive-vs-active-bed-cooling/","Mechanism comparison","Yes","Q09; Q10; Q22","Medium","/guides/is-active-bed-cooling-worth-it/ then /compare/air-vs-water-bed-cooling/","Establish a one-layer passive baseline before considering powered hardware","SCI-REPORTS-PASSIVE-LOW-ENERGY-2024; PMC-SLEEP-THERMAL-ENVIRONMENT-2012; OCT-METHOD-2026","A peer-reviewed result appeared, but exact consumer SERP was otherwise niche/commercial and semantically noisy","Re-sample every 6 months; update definitions when stronger consumer-bed evidence emerges","2026-09-07"
"Q22","is a bed cooling system worth it","are mattress cooling systems worth the money; should I buy bed cooling","High apparent recurrence","Decide whether a premium system is justified","Hopeful; skeptical; price-sensitive; sleep-deprived","Late commercial evaluation","Commercial","Product roundups; affiliate/editorial reviews; brands; forums","Rankings and anecdotes dominate; hidden subscriptions, upkeep, return friction, room heat, noise, and what cheaper tests failed are inconsistently disclosed","A purchase-readiness gate that first checks repeated local need, failed controlled experiments, partner constraint, noise, upkeep, privacy, and budget—without ranking products","/guides/is-active-bed-cooling-worth-it/","Decision guide","Yes","Q18; Q19; Q21","Medium-high — avoid implying treatment or guaranteed sleep improvement","/guides/bed-cooling-costs-and-maintenance/ and /compare/","Run the lowest-burden matching experiment for up to three nights before deciding","OCT-METHOD-2026; PMC-SLEEP-THERMAL-ENVIRONMENT-2012; BUILDING-ENV-BED-COOLING-2026","Fresh 2026 roundups and owner forums dominated; independent long-term comparative evidence remained limited","Refresh SERP/specs quarterly; update immediately for subscriptions, recalls, major company changes, or better trials","2026-09-07"
"Q23","quiet one-sided bed cooling","silent cooling for one side of bed; low-noise local bed cooling","Low apparent recurrence","Find a partner-safe mechanism under a strict noise constraint","Desperate but cautious; light sleeper household","Solution exploration / commercial evaluation","Environmental-commercial","Product pages with decibel claims; quiet-fan reviews; one-sided guides; sparse direct comparisons","“Whisper quiet” lacks test conditions; dB numbers are incomparable; water systems are sometimes assumed silent despite pumps/alarms; sound quality and partner perception are ignored","Make noise a first-class constraint, avoid unsupported ranking, ask for low-setting/return-policy verification, and begin with silent separate insulation","/guides/how-to-cool-one-side-of-a-bed/","Consolidated modifier / how-to section","No","Q14; Q18","Medium","/patterns/partner-temperature-mismatch/ then /compare/one-zone-vs-dual-zone/","Try separate covers first; if testing an existing fan use the lowest stable setting on one side and record both sleepers' disturbance","PMC-SLEEP-THERMAL-ENVIRONMENT-2012; OCT-METHOD-2026","Direct intent was thin and mostly manufacturer/review content; no defensible independent “quietest” winner emerged","Re-sample quarterly because specs change; require standardized test context before quoting noise","2026-09-07"
"Q24","what to record before discussing night sweats with a doctor","night sweat diary for doctor; what information to bring to appointment","Moderate apparent recurrence","Prepare a concise, useful clinical conversation","Concerned; wants to be taken seriously and use visit time well","Care preparation","Medical","General visit-prep pages; symptom trackers/PDFs; clinical evaluation articles; scattered advice","Generic diaries over-collect data; commercial trackers may require accounts; cause lists encourage self-diagnosis; few produce a one-page neutral summary","A local-only printable summary of frequency, onset/change, awakening, dampness, hot-then-cold sequence, sleep impact, and environmental observations, with no diagnosis score","/guides/what-to-record-for-a-clinician/","Care-preparation guide","Yes","Q25","High — do not prescribe tests or collect detailed history by default","/three-night-experiment/ for environmental observation and /guides/when-to-seek-medical-advice/","Record a brief baseline: occurrence, soaking/dampness, timing, cold afterwards, sleep impact, environmental setup, and whether the pattern is new/worsening","ACOG-SYMPTOM-TRACKER-2026; ACOG-VISIT-PREP-2026; NHS-NIGHT-SWEATS-2026","ACOG's tracker strongly supports structured visit preparation; exact night-sweat-specific result coverage was less coherent","Review whenever ACOG/NHS tracker or care guidance changes; validate print usability before launch","2026-09-07"
"Q25","when should I talk to a doctor about night sweats","when to worry about night sweats; night sweats when to see a doctor","High apparent recurrence","Know whether and when professional care is appropriate","Worried; seeking reassurance and a clear action","Care seeking","Medical","NHS/major clinic pages; medical publishers; professional notes; videos","Result pages can lead with long serious-cause lists, create fear, or disagree in specificity; copying fragments into a custom triage flow would be unsafe","Use concise sourced advice, visible uncertainty, and direct links to current authoritative guidance; never diagnose or improvise urgency criteria","/guides/when-to-seek-medical-advice/","Safety / care guide","Yes","Q24; Q06","Highest — authoritative wording and editorial/medical review needed","External NHS/qualified professional; internally /guides/what-to-record-for-a-clinician/","No health experiment as a substitute for care; prepare a short observation summary while arranging appropriate advice","NHS-NIGHT-SWEATS-2026; MENOPAUSE-SOCIETY-NIGHT-SWEATS-2026; ACOG-MENOPAUSE-YEARS-2026","Authoritative pages were visible, but alarm-focused secondary pages also competed; calm source hierarchy is a differentiator","Review monthly pre-launch and immediately on authoritative-source change; require independent medical review before claiming one","2026-09-07"
